ID,CODIGO DE LA ENTIDAD,CODIGO UBIGEO INEI,CODIGO PAIS ,NOMBRE DE LA UO,Fecha,CO (ug/m3),H2S (ug/m3),NO2 (ug/m3),O3 (ug/m3),"PM10 
(ug/m3)","PM2.5 
(ug/m3)",SO2 (ug/m3),Ruido (dB),UV,Humedad (%),Latitud,Longitud,"Presion 
(Pa)",Temperatura (C)
1,10069,150122,PE,Subgerencia de Desarrollo Ambiental,3/20/21 0:00,2819.19,17.41,27.08,,8.31,2.80,28.88,60.79,0.00,95.36,-12.04028,-77.04361,1003.00,21.15
2,10069,150122,PE,Subgerencia de Desarrollo Ambiental,3/20/21 1:00,2602.10,12.16,44.45,,3.14,1.49,27.22,57.12,0.00,96.10,-12.04028,-77.04361,1002.54,20.64
3,10069,150122,PE,Subgerencia de Desarrollo Ambiental,3/20/21 2:00,2753.00,11.09,40.60,,4.29,1.70,27.20,52.88,0.00,96.10,-12.04028,-77.04361,1001.97,20.53
4,10069,150122,PE,Subgerencia de Desarrollo Ambiental,3/20/21 3:00,2855.80,11.01,35.97,,5.66,2.12,26.99,52.78,0.00,96.09,-12.04028,-77.04361,1001.42,20.54
5,10069,150122,PE,Subgerencia de Desarrollo Ambiental,3/20/21 4:00,2010.01,10.60,39.62,,4.58,1.89,27.42,50.11,0.00,95.94,-12.04028,-77.04361,1000.75,20.63
6,10069,150122,PE,Subgerencia de Desarrollo Ambiental,3/20/21 5:00,,11.83,21.89,,9.86,3.40,27.11,58.56,0.00,96.09,-12.04028,-77.04361,1000.79,20.23
7,10069,150122,PE,Subgerencia de Desarrollo Ambiental,3/20/21 6:00,,19.79,27.55,,8.17,2.89,27.16,64.04,0.00,96.10,-12.04028,-77.04361,1001.22,19.84
8,10069,150122,PE,Subgerencia de Desarrollo Ambiental,3/20/21 7:00,2491.25,16.01,31.74,,6.92,2.91,28.41,76.42,0.08,96.10,-12.04028,-77.04361,1001.78,20.63
9,10069,150122,PE,Subgerencia de Desarrollo Ambiental,3/20/21 8:00,3065.79,22.12,27.37,,8.22,3.24,30.15,79.82,0.25,89.69,-12.04028,-77.04361,1002.26,23.80
10,10069,150122,PE,Subgerencia de Desarrollo Ambiental,3/20/21 9:00,2766.59,20.45,33.43,,6.42,2.58,30.43,83.19,0.36,86.94,-12.04028,-77.04361,1002.64,23.49
11,10069,150122,PE,Subgerencia de Desarrollo Ambiental,3/20/21 10:00,3358.89,27.97,26.16,,8.58,3.17,32.62,85.35,0.44,84.72,-12.04028,-77.04361,1002.80,23.94
12,10069,150122,PE,Subgerencia de Desarrollo Ambiental,3/20/21 11:00,3153.10,27.87,27.98,,8.04,2.90,31.14,86.68,0.50,83.36,-12.04028,-77.04361,1002.53,23.74
13,10069,150122,PE,Subgerencia de Desarrollo Ambiental,3/20/21 12:00,2980.52,28.29,36.60,,5.48,2.14,33.14,87.82,3.16,85.13,-12.04028,-77.04361,1001.96,23.55
14,10069,150122,PE,Subgerencia de Desarrollo Ambiental,3/20/21 13:00,2798.44,28.10,39.77,,4.53,1.73,33.52,88.65,1.48,81.47,-12.04028,-77.04361,1001.53,24.03
15,10069,150122,PE,Subgerencia de Desarrollo Ambiental,3/20/21 14:00,3158.10,32.76,42.76,,3.64,1.42,38.57,88.05,3.34,73.91,-12.04028,-77.04361,1000.91,25.49
16,10069,150122,PE,Subgerencia de Desarrollo Ambiental,3/20/21 15:00,2798.56,34.48,43.38,,3.46,1.56,38.85,88.18,2.66,76.42,-12.04028,-77.04361,1000.17,25.25
17,10069,150122,PE,Subgerencia de Desarrollo Ambiental,3/20/21 16:00,2928.41,38.17,44.67,,3.07,1.50,39.29,88.53,1.68,76.97,-12.04028,-77.04361,999.67,25.35
18,10069,150122,PE,Subgerencia de Desarrollo Ambiental,3/20/21 17:00,2805.69,38.33,38.60,,4.88,1.92,38.17,86.79,0.54,77.88,-12.04028,-77.04361,999.67,24.77
19,10069,150122,PE,Subgerencia de Desarrollo Ambiental,3/20/21 18:00,2774.24,31.95,35.77,,5.72,2.09,34.39,85.43,0.17,77.04,-12.04028,-77.04361,999.85,23.78
20,10069,150122,PE,Subgerencia de Desarrollo Ambiental,3/20/21 19:00,3079.32,30.71,25.11,,8.90,2.74,33.01,84.67,0.00,77.72,-12.04028,-77.04361,1000.15,23.05
21,10069,150122,PE,Subgerencia de Desarrollo Ambiental,3/20/21 20:00,3778.60,34.59,24.19,,9.17,3.14,33.63,83.08,0.00,81.67,-12.04028,-77.04361,1000.51,22.67
22,10069,150122,PE,Subgerencia de Desarrollo Ambiental,3/20/21 21:00,3373.28,28.31,27.90,,8.07,3.07,32.36,79.84,0.00,87.19,-12.04028,-77.04361,1001.00,22.04
23,10069,150122,PE,Subgerencia de Desarrollo Ambiental,3/20/21 22:00,3052.44,22.72,27.51,,8.18,3.09,31.78,71.89,0.00,90.65,-12.04028,-77.04361,1001.49,21.51
24,10069,150122,PE,Subgerencia de Desarrollo Ambiental,3/20/21 23:00,2752.79,16.70,27.72,,8.12,3.19,29.40,62.29,0.00,93.14,-12.04028,-77.04361,1001.33,21.14
25,10069,150122,PE,Subgerencia de Desarrollo Ambiental,3/21/21 0:00,2733.00,15.44,18.44,,10.88,3.81,28.66,59.36,0.00,92.00,-12.04028,-77.04361,1001.16,21.47
26,10069,150122,PE,Subgerencia de Desarrollo Ambiental,3/21/21 1:00,2212.26,10.12,16.86,,11.35,4.33,28.26,53.63,0.00,95.77,-12.04028,-77.04361,1000.69,20.84
27,10069,150122,PE,Subgerencia de Desarrollo Ambiental,3/21/21 2:00,2276.38,8.52,3.95,,15.19,5.19,27.74,54.89,0.00,96.08,-12.04028,-77.04361,1000.27,20.54
28,10069,150122,PE,Subgerencia de Desarrollo Ambiental,3/21/21 3:00,2004.08,15.25,17.53,,11.15,3.91,27.39,55.20,0.00,96.10,-12.04028,-77.04361,999.93,19.85
29,10069,150122,PE,Subgerencia de Desarrollo Ambiental,3/21/21 4:00,2083.29,20.17,14.96,,11.92,4.23,27.28,51.31,0.00,96.10,-12.04028,-77.04361,999.78,19.74
30,10069,150122,PE,Subgerencia de Desarrollo Ambiental,3/21/21 5:00,2207.33,14.81,16.50,,11.46,4.38,27.60,51.99,0.00,96.10,-12.04028,-77.04361,999.86,19.83
31,10069,150122,PE,Subgerencia de Desarrollo Ambiental,3/21/21 6:00,2252.88,16.11,1.58,,15.90,5.42,27.90,56.89,0.00,96.10,-12.04028,-77.04361,1000.47,19.81
32,10069,150122,PE,Subgerencia de Desarrollo Ambiental,3/21/21 7:00,2465.11,10.36,3.45,,15.34,5.41,28.28,64.27,0.04,96.10,-12.04028,-77.04361,1001.31,20.09
33,10069,150122,PE,Subgerencia de Desarrollo Ambiental,3/21/21 8:00,2761.45,9.81,19.03,,10.71,4.17,28.60,66.63,0.15,94.07,-12.04028,-77.04361,1001.84,22.70
34,10069,150122,PE,Subgerencia de Desarrollo Ambiental,3/21/21 9:00,2719.44,11.69,15.97,,11.62,4.74,28.90,72.30,0.29,86.83,-12.04028,-77.04361,1002.38,23.38
35,10069,150122,PE,Subgerencia de Desarrollo Ambiental,3/21/21 10:00,2623.20,11.76,32.36,,6.74,2.98,29.54,77.42,0.33,88.17,-12.04028,-77.04361,1002.62,22.80
36,10069,150122,PE,Subgerencia de Desarrollo Ambiental,3/21/21 11:00,2675.34,13.30,36.08,,5.63,2.65,30.48,80.72,0.50,90.06,-12.04028,-77.04361,1002.77,22.23
37,10069,150122,PE,Subgerencia de Desarrollo Ambiental,3/21/21 12:00,3060.86,17.21,36.90,,5.39,2.46,33.50,77.17,2.74,84.87,-12.04028,-77.04361,1002.36,23.56
38,10069,150122,PE,Subgerencia de Desarrollo Ambiental,3/21/21 13:00,3168.67,22.18,36.03,,5.65,2.45,35.28,82.64,1.34,79.45,-12.04028,-77.04361,1002.03,24.41
39,10069,150122,PE,Subgerencia de Desarrollo Ambiental,3/21/21 14:00,2817.87,19.74,42.79,,3.64,1.93,35.64,83.17,2.45,82.17,-12.04028,-77.04361,1001.62,23.54
40,10069,150122,PE,Subgerencia de Desarrollo Ambiental,3/21/21 15:00,2786.11,20.72,41.50,,4.02,2.07,36.00,81.42,1.72,81.53,-12.04028,-77.04361,1001.26,23.60
41,10069,150122,PE,Subgerencia de Desarrollo Ambiental,3/21/21 16:00,2725.30,19.21,37.18,,5.30,2.32,32.94,76.48,0.72,79.94,-12.04028,-77.04361,1000.91,23.39
42,10069,150122,PE,Subgerencia de Desarrollo Ambiental,3/21/21 17:00,2584.40,17.66,33.08,,6.52,2.75,31.78,77.43,0.49,82.30,-12.04028,-77.04361,1000.87,22.80
43,10069,150122,PE,Subgerencia de Desarrollo Ambiental,3/21/21 18:00,2787.68,18.33,29.45,,7.61,3.38,31.49,74.81,0.13,88.49,-12.04028,-77.04361,1001.33,21.99
44,10069,150122,PE,Subgerencia de Desarrollo Ambiental,3/21/21 19:00,2692.42,15.29,18.79,,10.78,4.06,30.13,74.42,0.00,90.56,-12.04028,-77.04361,1002.16,21.55
45,10069,150122,PE,Subgerencia de Desarrollo Ambiental,3/21/21 20:00,2855.24,15.18,16.90,,11.34,4.18,30.21,73.87,0.00,92.07,-12.04028,-77.04361,1002.87,21.52
46,10069,150122,PE,Subgerencia de Desarrollo Ambiental,3/21/21 21:00,2808.14,12.98,17.66,,11.11,4.08,29.82,72.09,0.00,92.82,-12.04028,-77.04361,1003.44,21.30
47,10069,150122,PE,Subgerencia de Desarrollo Ambiental,3/21/21 22:00,2525.65,9.60,15.09,,11.88,4.17,29.10,68.21,0.00,92.88,-12.04028,-77.04361,1003.82,21.06
48,10069,150122,PE,Subgerencia de Desarrollo Ambiental,3/21/21 23:00,2244.13,5.50,28.82,,7.79,3.33,27.91,63.83,0.00,95.75,-12.04028,-77.04361,1004.10,20.36
49,10069,150122,PE,Subgerencia de Desarrollo Ambiental,3/22/21 0:00,2311.60,4.41,28.48,,7.89,3.50,27.75,55.90,0.00,95.88,-12.04028,-77.04361,1003.52,20.52
50,10069,150122,PE,Subgerencia de Desarrollo Ambiental,3/22/21 1:00,1835.49,3.84,17.62,,11.12,4.16,27.78,52.56,0.00,94.34,-12.04028,-77.04361,1002.57,20.77
51,10069,150122,PE,Subgerencia de Desarrollo Ambiental,3/22/21 2:00,1886.90,3.78,27.14,,8.29,3.59,27.47,52.66,0.00,93.37,-12.04028,-77.04361,1001.73,20.97
52,10069,150122,PE,Subgerencia de Desarrollo Ambiental,3/22/21 3:00,1842.57,3.72,20.22,,10.35,4.18,27.36,52.45,0.00,93.84,-12.04028,-77.04361,1001.27,20.88
53,10069,150122,PE,Subgerencia de Desarrollo Ambiental,3/22/21 4:00,1830.19,3.26,23.14,,9.48,3.91,27.27,51.18,0.00,95.64,-12.04028,-77.04361,1000.88,20.81
54,10069,150122,PE,Subgerencia de Desarrollo Ambiental,3/22/21 5:00,1918.79,3.49,25.42,,8.81,3.65,27.24,52.97,0.00,95.34,-12.04028,-77.04361,1000.89,21.04
55,10069,150122,PE,Subgerencia de Desarrollo Ambiental,3/22/21 6:00,1868.30,4.36,6.14,,14.54,5.24,27.56,66.99,0.00,95.91,-12.04028,-77.04361,1001.36,20.47
56,10069,150122,PE,Subgerencia de Desarrollo Ambiental,3/22/21 7:00,2264.57,9.80,10.03,,13.38,4.96,28.60,80.40,0.05,96.10,-12.04028,-77.04361,1001.99,20.23
57,10069,150122,PE,Subgerencia de Desarrollo Ambiental,3/22/21 8:00,2637.90,13.38,20.18,,10.36,4.13,30.00,82.91,0.24,95.04,-12.04028,-77.04361,1002.80,21.58
58,10069,150122,PE,Subgerencia de Desarrollo Ambiental,3/22/21 9:00,3046.63,15.16,15.79,,11.67,4.44,31.37,84.44,0.26,86.47,-12.04028,-77.04361,1003.19,23.26
59,10069,150122,PE,Subgerencia de Desarrollo Ambiental,3/22/21 10:00,3108.65,16.32,24.29,,9.14,3.70,32.25,85.86,0.30,86.69,-12.04028,-77.04361,1003.11,23.12
60,10069,150122,PE,Subgerencia de Desarrollo Ambiental,3/22/21 11:00,2982.66,15.75,32.58,,6.67,3.06,33.75,88.04,0.50,87.74,-12.04028,-77.04361,1002.74,22.47
61,10069,150122,PE,Subgerencia de Desarrollo Ambiental,3/22/21 12:00,3106.99,17.77,32.30,,6.76,2.89,37.75,89.02,3.17,84.79,-12.04028,-77.04361,1002.43,23.27
62,10069,150122,PE,Subgerencia de Desarrollo Ambiental,3/22/21 13:00,2837.28,17.36,37.21,,5.30,2.52,37.81,88.96,1.37,86.05,-12.04028,-77.04361,1001.66,22.70
63,10069,150122,PE,Subgerencia de Desarrollo Ambiental,3/22/21 14:00,3013.71,18.28,39.90,,4.50,2.10,33.56,90.78,3.43,83.77,-12.04028,-77.04361,1000.78,23.09
64,10069,150122,PE,Subgerencia de Desarrollo Ambiental,3/22/21 15:00,3097.87,20.01,40.07,,4.44,2.00,49.34,88.89,2.50,79.27,-12.04028,-77.04361,1000.35,23.52
65,10069,150122,PE,Subgerencia de Desarrollo Ambiental,3/22/21 16:00,3199.77,22.27,37.10,,5.33,2.10,50.63,91.43,1.85,75.94,-12.04028,-77.04361,1000.10,24.56
66,10069,150122,PE,Subgerencia de Desarrollo Ambiental,3/22/21 17:00,2947.64,21.59,28.34,,7.93,2.54,45.69,89.88,0.48,73.70,-12.04028,-77.04361,1000.40,24.20
67,10069,150122,PE,Subgerencia de Desarrollo Ambiental,3/22/21 18:00,3150.33,23.01,27.82,,8.09,2.55,43.02,86.50,0.17,76.78,-12.04028,-77.04361,1000.96,23.21
68,10069,150122,PE,Subgerencia de Desarrollo Ambiental,3/22/21 19:00,2645.59,17.77,30.87,,7.18,2.82,37.30,85.76,0.01,85.97,-12.04028,-77.04361,1001.97,21.23
69,10069,150122,PE,Subgerencia de Desarrollo Ambiental,3/22/21 20:00,2432.71,12.62,37.43,,5.23,2.48,33.75,85.61,0.00,90.10,-12.04028,-77.04361,1002.85,20.61
70,10069,150122,PE,Subgerencia de Desarrollo Ambiental,3/22/21 21:00,2615.35,11.89,27.83,,8.09,3.11,32.85,80.05,0.00,88.43,-12.04028,-77.04361,1003.46,20.89
71,10069,150122,PE,Subgerencia de Desarrollo Ambiental,3/22/21 22:00,2262.06,7.32,27.46,,8.20,2.91,31.41,75.53,0.00,88.66,-12.04028,-77.04361,1003.80,20.84
72,10069,150122,PE,Subgerencia de Desarrollo Ambiental,3/22/21 23:00,1959.24,3.46,35.25,,5.88,2.48,29.72,67.72,0.00,90.83,-12.04028,-77.04361,1003.82,20.45
73,10069,150122,PE,Subgerencia de Desarrollo Ambiental,3/23/21 0:00,1955.94,2.59,36.93,,5.38,2.35,29.97,58.21,0.00,91.34,-12.04028,-77.04361,1003.47,20.44
74,10069,150122,PE,Subgerencia de Desarrollo Ambiental,3/23/21 1:00,1869.09,1.58,38.00,,5.06,2.25,29.09,60.39,0.00,92.21,-12.04028,-77.04361,1002.83,20.20
75,10069,150122,PE,Subgerencia de Desarrollo Ambiental,3/23/21 2:00,1892.82,7.72,34.51,,6.10,2.62,29.58,57.49,0.00,94.16,-12.04028,-77.04361,1002.38,19.89
76,10069,150122,PE,Subgerencia de Desarrollo Ambiental,3/23/21 3:00,1888.21,20.48,36.37,,5.55,2.45,28.51,56.85,0.00,95.89,-12.04028,-77.04361,1002.08,19.65
77,10069,150122,PE,Subgerencia de Desarrollo Ambiental,3/23/21 4:00,1993.83,29.58,26.01,,8.63,3.48,28.63,56.29,0.00,96.10,-12.04028,-77.04361,1001.68,19.51
78,10069,150122,PE,Subgerencia de Desarrollo Ambiental,3/23/21 5:00,2018.92,30.49,14.87,,11.94,4.46,29.16,52.97,0.00,96.10,-12.04028,-77.04361,1001.51,19.49
79,10069,150122,PE,Subgerencia de Desarrollo Ambiental,3/23/21 6:00,2123.22,44.44,13.53,,12.34,4.58,29.37,66.31,0.00,96.10,-12.04028,-77.04361,1001.73,19.26
80,10069,150122,PE,Subgerencia de Desarrollo Ambiental,3/23/21 7:00,2732.15,39.58,13.65,,12.31,4.58,31.28,79.23,0.04,96.10,-12.04028,-77.04361,1002.10,19.45
81,10069,150122,PE,Subgerencia de Desarrollo Ambiental,3/23/21 8:00,2896.59,21.11,21.87,,9.86,4.17,33.55,82.30,0.21,96.07,-12.04028,-77.04361,1002.75,20.46
82,10069,150122,PE,Subgerencia de Desarrollo Ambiental,3/23/21 9:00,2781.43,7.97,33.82,,6.31,2.81,34.58,85.08,0.51,93.06,-12.04028,-77.04361,1003.22,21.22
83,10069,150122,PE,Subgerencia de Desarrollo Ambiental,3/23/21 10:00,3101.68,11.17,28.85,,7.78,3.16,37.13,86.21,0.48,90.22,-12.04028,-77.04361,1003.28,21.80
84,10069,150122,PE,Subgerencia de Desarrollo Ambiental,3/23/21 11:00,3550.13,15.64,24.79,,8.99,3.32,38.01,87.22,0.66,82.75,-12.04028,-77.04361,1003.10,23.09
85,10069,150122,PE,Subgerencia de Desarrollo Ambiental,3/23/21 12:00,3204.76,15.48,42.06,,3.85,1.59,44.29,89.89,3.00,86.14,-12.04028,-77.04361,1002.59,22.29
86,10069,150122,PE,Subgerencia de Desarrollo Ambiental,3/23/21 13:00,2953.17,13.09,45.37,,2.87,1.34,42.46,91.87,1.72,89.02,-12.04028,-77.04361,1002.08,21.71
87,10069,150122,PE,Subgerencia de Desarrollo Ambiental,3/23/21 14:00,3214.25,14.86,42.71,,3.66,1.47,48.22,89.34,3.22,84.79,-12.04028,-77.04361,1001.21,22.77
88,10069,150122,PE,Subgerencia de Desarrollo Ambiental,3/23/21 15:00,3096.54,15.09,38.51,,4.91,1.92,49.49,95.32,2.85,78.58,-12.04028,-77.04361,1000.37,23.93
89,10069,150122,PE,Subgerencia de Desarrollo Ambiental,3/23/21 16:00,3502.06,19.86,35.92,,5.68,1.91,51.21,91.53,1.62,75.75,-12.04028,-77.04361,999.96,24.42
90,10069,150122,PE,Subgerencia de Desarrollo Ambiental,3/23/21 17:00,3367.30,20.55,33.17,,6.50,2.05,46.53,92.39,0.54,75.23,-12.04028,-77.04361,1000.21,24.14
91,10069,150122,PE,Subgerencia de Desarrollo Ambiental,3/23/21 18:00,2944.87,16.63,31.08,,7.12,2.04,39.38,92.29,0.22,78.53,-12.04028,-77.04361,1000.73,22.97
92,10069,150122,PE,Subgerencia de Desarrollo Ambiental,3/23/21 19:00,3122.78,16.83,12.67,,12.60,3.16,35.55,88.40,0.00,81.35,-12.04028,-77.04361,1001.50,22.25
93,10069,150122,PE,Subgerencia de Desarrollo Ambiental,3/23/21 20:00,2775.77,12.38,26.46,,8.50,2.76,34.03,87.21,0.00,85.46,-12.04028,-77.04361,1002.12,21.64
94,10069,150122,PE,Subgerencia de Desarrollo Ambiental,3/23/21 21:00,2520.55,8.95,41.43,,4.04,1.76,32.91,83.22,0.00,90.44,-12.04028,-77.04361,1002.79,20.98
95,10069,150122,PE,Subgerencia de Desarrollo Ambiental,3/23/21 22:00,2323.96,5.77,40.94,,4.19,1.77,31.72,77.16,0.00,92.44,-12.04028,-77.04361,1003.22,20.82
96,10069,150122,PE,Subgerencia de Desarrollo Ambiental,3/23/21 23:00,2184.84,3.21,38.47,,4.92,2.05,30.33,69.75,0.00,94.15,-12.04028,-77.04361,1003.25,20.55
97,10069,150122,PE,Subgerencia de Desarrollo Ambiental,3/24/21 0:00,1971.28,0.73,40.78,,4.23,1.84,29.32,73.61,0.00,96.03,-12.04028,-77.04361,1003.01,20.13
98,10069,150122,PE,Subgerencia de Desarrollo Ambiental,3/24/21 1:00,2055.97,0.91,39.39,,4.65,2.13,29.52,60.26,0.00,96.10,-12.04028,-77.04361,1002.50,20.05
99,10069,150122,PE,Subgerencia de Desarrollo Ambiental,3/24/21 2:00,2081.04,-0.35,28.61,,7.86,2.71,29.31,53.60,0.00,96.10,-12.04028,-77.04361,1001.96,20.14
100,10069,150122,PE,Subgerencia de Desarrollo Ambiental,3/24/21 3:00,2071.98,17.31,29.43,,7.61,2.86,29.39,56.21,0.00,96.10,-12.04028,-77.04361,1001.17,19.70
101,10069,150122,PE,Subgerencia de Desarrollo Ambiental,3/24/21 4:00,2149.75,19.39,35.49,,5.81,2.39,29.73,51.78,0.00,96.10,-12.04028,-77.04361,1000.81,19.66
102,10069,150122,PE,Subgerencia de Desarrollo Ambiental,3/24/21 5:00,2166.75,31.00,34.71,,6.04,2.24,30.27,53.03,0.00,96.10,-12.04028,-77.04361,1000.78,19.46
103,10069,150122,PE,Subgerencia de Desarrollo Ambiental,3/24/21 6:00,2242.04,48.76,21.23,,10.05,2.83,29.72,67.89,0.00,96.10,-12.04028,-77.04361,1001.14,19.17
104,10069,150122,PE,Subgerencia de Desarrollo Ambiental,3/24/21 7:00,2830.30,42.11,34.78,,6.02,2.26,32.43,78.72,0.04,96.10,-12.04028,-77.04361,1001.53,19.38
105,10069,150122,PE,Subgerencia de Desarrollo Ambiental,3/24/21 8:00,2981.35,28.14,14.43,,11.60,2.92,34.40,82.68,0.22,96.10,-12.04028,-77.04361,1002.34,19.73
106,10069,150122,PE,Subgerencia de Desarrollo Ambiental,3/24/21 9:00,3389.00,11.56,14.95,,10.53,3.65,36.54,84.90,0.48,92.76,-12.04028,-77.04361,1002.82,22.56
107,10069,150122,PE,Subgerencia de Desarrollo Ambiental,3/24/21 10:00,3336.06,11.60,17.40,,5.43,2.36,40.55,87.32,0.52,89.95,-12.04028,-77.04361,1003.17,21.97
108,10069,150122,PE,Subgerencia de Desarrollo Ambiental,3/24/21 11:00,3419.35,,17.52,,5.18,2.29,,88.16,1.11,91.31,-12.04028,-77.04361,1003.09,21.99
109,10069,150122,PE,Subgerencia de Desarrollo Ambiental,3/24/21 12:00,3441.41,9.41,13.16,4.64,4.22,1.76,44.49,88.66,3.16,88.46,-12.04028,-77.04361,1002.61,22.41
110,10069,150122,PE,Subgerencia de Desarrollo Ambiental,3/24/21 13:00,3106.03,8.33,14.90,13.31,2.53,1.27,44.20,88.57,1.15,87.31,-12.04028,-77.04361,1001.78,22.33
111,10069,150122,PE,Subgerencia de Desarrollo Ambiental,3/24/21 14:00,3325.16,9.24,7.61,30.50,2.71,1.28,46.68,90.04,3.36,87.33,-12.04028,-77.04361,1001.08,22.54
112,10069,150122,PE,Subgerencia de Desarrollo Ambiental,3/24/21 15:00,3588.22,10.42,3.95,10.70,3.80,1.52,50.15,88.27,3.06,81.69,-12.04028,-77.04361,1000.33,23.61
113,10069,150122,PE,Subgerencia de Desarrollo Ambiental,3/24/21 16:00,3609.15,11.56,8.65,7.27,4.14,1.63,50.48,90.20,1.69,79.24,-12.04028,-77.04361,999.85,24.14
114,10069,150122,PE,Subgerencia de Desarrollo Ambiental,3/24/21 17:00,3499.51,12.25,18.51,0.68,6.32,2.22,48.16,90.06,0.57,79.26,-12.04028,-77.04361,1000.04,23.73
115,10069,150122,PE,Subgerencia de Desarrollo Ambiental,3/24/21 18:00,3357.60,11.06,26.91,8.62,6.58,2.17,42.79,86.38,0.21,79.71,-12.04028,-77.04361,1000.51,23.14
116,10069,150122,PE,Subgerencia de Desarrollo Ambiental,3/24/21 19:00,3134.05,9.94,33.43,16.36,6.68,2.34,40.24,86.57,0.02,84.61,-12.04028,-77.04361,1001.43,21.86
117,10069,150122,PE,Subgerencia de Desarrollo Ambiental,3/24/21 20:00,2917.09,8.14,32.31,31.49,5.68,2.44,38.91,87.50,0.00,88.83,-12.04028,-77.04361,1001.97,20.96
118,10069,150122,PE,Subgerencia de Desarrollo Ambiental,3/24/21 21:00,2725.17,6.39,29.30,32.52,6.27,2.48,37.29,84.38,0.00,90.19,-12.04028,-77.04361,1002.57,20.81
119,10069,150122,PE,Subgerencia de Desarrollo Ambiental,3/24/21 22:00,2371.79,4.22,25.00,27.63,4.75,2.22,36.67,81.09,0.00,91.84,-12.04028,-77.04361,1002.95,20.49
120,10069,150122,PE,Subgerencia de Desarrollo Ambiental,3/24/21 23:00,2274.10,2.97,23.09,23.40,5.40,2.46,35.91,68.37,0.00,92.38,-12.04028,-77.04361,1003.16,20.56
121,10069,150122,PE,Subgerencia de Desarrollo Ambiental,3/25/21 0:00,2186.33,2.44,21.97,21.11,6.15,2.63,35.87,62.51,0.00,93.22,-12.04028,-77.04361,1002.65,20.41
122,10069,150122,PE,Subgerencia de Desarrollo Ambiental,3/25/21 1:00,2129.99,1.90,20.44,20.50,4.94,2.36,36.22,57.95,0.00,94.83,-12.04028,-77.04361,1002.12,20.22
123,10069,150122,PE,Subgerencia de Desarrollo Ambiental,3/25/21 2:00,2085.48,6.49,20.67,20.25,8.26,3.18,35.65,58.60,0.00,96.02,-12.04028,-77.04361,1001.60,19.84
124,10069,150122,PE,Subgerencia de Desarrollo Ambiental,3/25/21 3:00,2179.57,21.64,20.98,22.00,8.05,3.13,35.50,60.28,0.00,96.10,-12.04028,-77.04361,1001.27,19.31
125,10069,150122,PE,Subgerencia de Desarrollo Ambiental,3/25/21 4:00,2217.31,22.23,19.88,22.07,8.94,3.43,35.57,55.47,0.00,96.10,-12.04028,-77.04361,1000.75,19.29
126,10069,150122,PE,Subgerencia de Desarrollo Ambiental,3/25/21 5:00,2213.31,28.97,19.63,20.57,7.81,3.26,35.31,56.91,0.00,96.10,-12.04028,-77.04361,1000.56,19.05
127,10069,150122,PE,Subgerencia de Desarrollo Ambiental,3/25/21 6:00,2306.20,36.77,20.95,23.01,7.12,3.04,35.54,66.54,0.00,96.10,-12.04028,-77.04361,1001.10,18.79
128,10069,150122,PE,Subgerencia de Desarrollo Ambiental,3/25/21 7:00,2683.43,30.97,22.62,27.17,7.94,3.31,36.73,78.65,0.05,96.10,-12.04028,-77.04361,1001.75,19.06
129,10069,150122,PE,Subgerencia de Desarrollo Ambiental,3/25/21 8:00,3474.47,7.85,20.70,31.10,9.47,3.79,38.14,82.34,0.18,93.31,-12.04028,-77.04361,1002.36,21.63
130,10069,150122,PE,Subgerencia de Desarrollo Ambiental,3/25/21 9:00,3578.66,7.76,15.02,16.34,11.66,4.20,39.89,84.73,0.26,84.18,-12.04028,-77.04361,1002.84,22.86
131,10069,150122,PE,Subgerencia de Desarrollo Ambiental,3/25/21 10:00,3326.51,6.97,15.38,23.76,7.11,2.95,40.92,87.06,0.37,87.53,-12.04028,-77.04361,1003.22,21.98
132,10069,150122,PE,Subgerencia de Desarrollo Ambiental,3/25/21 11:00,3166.71,6.69,14.32,20.30,4.84,2.22,42.29,88.36,0.80,89.48,-12.04028,-77.04361,1003.31,21.47
133,10069,150122,PE,Subgerencia de Desarrollo Ambiental,3/25/21 12:00,3168.12,6.66,13.74,26.75,3.49,1.80,43.85,89.06,3.03,87.93,-12.04028,-77.04361,1002.95,21.71
134,10069,150122,PE,Subgerencia de Desarrollo Ambiental,3/25/21 13:00,3425.03,8.17,14.34,22.05,3.09,1.76,44.59,88.03,1.12,84.06,-12.04028,-77.04361,1002.48,22.31
135,10069,150122,PE,Subgerencia de Desarrollo Ambiental,3/25/21 14:00,3316.95,7.93,5.48,27.20,3.66,1.80,47.41,91.51,3.32,84.72,-12.04028,-77.04361,1001.64,22.26
136,10069,150122,PE,Subgerencia de Desarrollo Ambiental,3/25/21 15:00,3529.98,8.91,4.38,20.34,3.83,1.78,49.60,88.61,2.99,82.56,-12.04028,-77.04361,1000.82,22.94
137,10069,150122,PE,Subgerencia de Desarrollo Ambiental,3/25/21 16:00,3517.42,9.51,9.85,6.55,4.37,1.70,49.25,92.84,1.51,79.23,-12.04028,-77.04361,1000.19,23.47
138,10069,150122,PE,Subgerencia de Desarrollo Ambiental,3/25/21 17:00,3424.27,8.92,14.81,3.56,5.49,1.82,46.39,92.12,0.67,76.88,-12.04028,-77.04361,1000.30,23.78
139,10069,150122,PE,Subgerencia de Desarrollo Ambiental,3/25/21 18:00,3375.35,9.18,19.07,-2.24,5.23,1.85,45.06,90.40,0.32,76.76,-12.04028,-77.04361,1000.46,23.26
140,10069,150122,PE,Subgerencia de Desarrollo Ambiental,3/25/21 19:00,2957.90,8.28,35.39,13.03,4.97,2.05,40.33,89.26,0.02,84.75,-12.04028,-77.04361,1001.37,21.29
141,10069,150122,PE,Subgerencia de Desarrollo Ambiental,3/25/21 20:00,2859.28,6.85,34.38,29.93,5.13,2.38,38.19,86.34,0.00,89.52,-12.04028,-77.04361,1002.21,20.67
142,10069,150122,PE,Subgerencia de Desarrollo Ambiental,3/25/21 21:00,3080.48,6.90,30.93,27.51,9.23,3.22,38.07,81.86,0.00,88.46,-12.04028,-77.04361,1002.45,20.88
143,10069,150122,PE,Subgerencia de Desarrollo Ambiental,3/25/21 22:00,2881.44,5.40,27.59,22.46,7.44,2.80,37.61,71.92,0.00,89.22,-12.04028,-77.04361,1002.62,20.74
144,10069,150122,PE,Subgerencia de Desarrollo Ambiental,3/25/21 23:00,2397.55,2.99,24.65,24.39,5.43,2.34,36.40,66.04,0.00,91.32,-12.04028,-77.04361,1002.55,20.34
145,10069,150122,PE,Subgerencia de Desarrollo Ambiental,3/26/21 0:00,2197.69,2.46,22.74,26.23,4.94,2.21,35.91,61.84,0.00,93.58,-12.04028,-77.04361,1002.32,19.99
146,10069,150122,PE,Subgerencia de Desarrollo Ambiental,3/26/21 1:00,2181.09,12.21,22.00,24.48,4.82,2.36,35.35,59.57,0.00,95.53,-12.04028,-77.04361,1001.64,19.62
147,10069,150122,PE,Subgerencia de Desarrollo Ambiental,3/26/21 2:00,2231.10,15.63,21.11,19.46,5.57,2.66,35.44,53.19,0.00,96.10,-12.04028,-77.04361,1001.11,19.50
148,10069,150122,PE,Subgerencia de Desarrollo Ambiental,3/26/21 3:00,2265.02,12.51,20.30,18.45,9.36,3.46,35.78,52.18,0.00,96.10,-12.04028,-77.04361,1000.61,19.60
149,10069,150122,PE,Subgerencia de Desarrollo Ambiental,3/26/21 4:00,2269.16,31.03,20.38,20.95,8.57,3.50,35.39,59.32,0.00,96.10,-12.04028,-77.04361,1000.40,18.97
150,10069,150122,PE,Subgerencia de Desarrollo Ambiental,3/26/21 5:00,2298.79,42.69,21.00,26.63,6.49,2.88,35.08,59.40,0.00,96.10,-12.04028,-77.04361,1000.54,18.57
151,10069,150122,PE,Subgerencia de Desarrollo Ambiental,3/26/21 6:00,2414.40,42.62,20.72,25.43,8.30,3.44,35.43,66.49,0.00,96.10,-12.04028,-77.04361,1001.19,18.58
152,10069,150122,PE,Subgerencia de Desarrollo Ambiental,3/26/21 7:00,2876.46,31.40,21.65,25.34,10.02,4.05,37.01,79.89,0.05,96.10,-12.04028,-77.04361,1001.63,19.05
153,10069,150122,PE,Subgerencia de Desarrollo Ambiental,3/26/21 8:00,3303.27,8.70,19.64,30.23,9.68,4.16,37.97,81.99,0.22,94.67,-12.04028,-77.04361,1002.38,20.54
154,10069,150122,PE,Subgerencia de Desarrollo Ambiental,3/26/21 9:00,3254.33,5.46,17.22,26.15,9.93,3.86,38.89,83.17,0.35,89.54,-12.04028,-77.04361,1002.92,21.59
155,10069,150122,PE,Subgerencia de Desarrollo Ambiental,3/26/21 10:00,3266.04,5.69,16.98,24.72,8.77,3.62,40.57,87.78,0.47,88.87,-12.04028,-77.04361,1003.00,21.50
156,10069,150122,PE,Subgerencia de Desarrollo Ambiental,3/26/21 11:00,3472.10,6.83,23.75,14.28,6.92,3.05,42.26,87.24,0.92,88.64,-12.04028,-77.04361,1002.88,21.63
157,10069,150122,PE,Subgerencia de Desarrollo Ambiental,3/26/21 12:00,3538.25,7.19,22.70,12.22,5.03,2.30,45.08,89.36,2.74,86.68,-12.04028,-77.04361,1002.32,21.91
158,10069,150122,PE,Subgerencia de Desarrollo Ambiental,3/26/21 13:00,3380.50,6.70,19.61,12.84,4.35,1.91,45.17,90.39,1.33,81.33,-12.04028,-77.04361,1001.49,22.32
159,10069,150122,PE,Subgerencia de Desarrollo Ambiental,3/26/21 14:00,3564.52,8.08,15.20,20.17,3.53,1.71,47.90,90.28,2.93,83.45,-12.04028,-77.04361,1000.69,22.26
160,10069,150122,PE,Subgerencia de Desarrollo Ambiental,3/26/21 15:00,3563.26,8.19,14.52,18.75,4.21,1.90,48.69,88.65,2.56,82.97,-12.04028,-77.04361,999.79,22.53
161,10069,150122,PE,Subgerencia de Desarrollo Ambiental,3/26/21 16:00,3629.90,8.82,18.05,9.44,5.30,2.18,48.71,90.60,1.39,79.86,-12.04028,-77.04361,999.10,23.09
162,10069,150122,PE,Subgerencia de Desarrollo Ambiental,3/26/21 17:00,3641.38,9.53,28.83,6.01,7.35,2.64,46.29,90.90,0.55,78.73,-12.04028,-77.04361,998.98,23.03
163,10069,150122,PE,Subgerencia de Desarrollo Ambiental,3/26/21 18:00,3362.88,8.56,41.31,3.72,7.24,2.51,42.44,88.94,0.18,82.40,-12.04028,-77.04361,999.65,21.89
164,10069,150122,PE,Subgerencia de Desarrollo Ambiental,3/26/21 19:00,3181.06,7.38,51.29,16.22,6.83,2.72,38.42,87.30,0.00,86.51,-12.04028,-77.04361,1000.36,20.71
165,10069,150122,PE,Subgerencia de Desarrollo Ambiental,3/26/21 20:00,3070.61,6.21,47.55,25.86,5.81,2.49,37.15,86.03,0.00,88.61,-12.04028,-77.04361,1000.87,20.34
166,10069,150122,PE,Subgerencia de Desarrollo Ambiental,3/26/21 21:00,2945.52,5.06,44.05,24.38,6.67,2.77,36.81,84.17,0.00,90.65,-12.04028,-77.04361,1001.49,20.08
167,10069,150122,PE,Subgerencia de Desarrollo Ambiental,3/26/21 22:00,2683.80,5.44,39.94,18.08,5.70,2.43,36.38,80.29,0.00,91.50,-12.04028,-77.04361,1001.95,19.95
168,10069,150122,PE,Subgerencia de Desarrollo Ambiental,3/26/21 23:00,2580.87,5.73,38.13,13.20,7.27,2.98,35.39,67.83,0.00,92.03,-12.04028,-77.04361,1002.05,19.89
169,10069,150122,PE,Subgerencia de Desarrollo Ambiental,3/27/21 0:00,2402.91,9.17,35.50,11.65,7.66,3.00,34.97,62.18,0.00,92.41,-12.04028,-77.04361,1001.82,19.73
170,10069,150122,PE,Subgerencia de Desarrollo Ambiental,3/27/21 1:00,2335.18,11.89,32.77,9.23,7.20,2.94,34.80,54.11,0.00,93.07,-12.04028,-77.04361,1001.38,19.62
171,10069,150122,PE,Subgerencia de Desarrollo Ambiental,3/27/21 2:00,2301.69,23.00,32.06,13.12,9.14,3.60,35.12,58.13,0.00,95.10,-12.04028,-77.04361,1000.85,19.23
172,10069,150122,PE,Subgerencia de Desarrollo Ambiental,3/27/21 3:00,2329.30,38.49,33.08,17.74,6.51,2.77,34.92,64.69,0.00,96.10,-12.04028,-77.04361,1000.49,18.70
173,10069,150122,PE,Subgerencia de Desarrollo Ambiental,3/27/21 4:00,2411.77,38.76,31.76,16.57,6.70,2.89,35.27,57.08,0.00,96.10,-12.04028,-77.04361,1000.39,18.70
174,10069,150122,PE,Subgerencia de Desarrollo Ambiental,3/27/21 5:00,2441.75,34.76,32.31,15.43,11.02,3.98,34.83,58.95,0.00,96.10,-12.04028,-77.04361,1000.56,18.84
175,10069,150122,PE,Subgerencia de Desarrollo Ambiental,3/27/21 6:00,2467.57,30.16,31.48,13.01,9.00,3.54,34.77,66.18,0.00,96.10,-12.04028,-77.04361,1000.91,19.00
176,10069,150122,PE,Subgerencia de Desarrollo Ambiental,3/27/21 7:00,2815.71,27.56,35.99,17.56,10.77,4.17,35.56,77.60,0.05,96.10,-12.04028,-77.04361,1001.44,19.15
177,10069,150122,PE,Subgerencia de Desarrollo Ambiental,3/27/21 8:00,2992.52,18.43,32.15,29.29,7.77,3.45,36.71,81.79,0.18,95.64,-12.04028,-77.04361,1002.28,19.61
178,10069,150122,PE,Subgerencia de Desarrollo Ambiental,3/27/21 9:00,3343.13,7.48,28.36,27.41,12.08,4.55,39.46,81.88,0.38,90.61,-12.04028,-77.04361,1002.61,21.17
179,10069,150122,PE,Subgerencia de Desarrollo Ambiental,3/27/21 10:00,3557.61,5.73,23.49,15.45,7.58,3.03,40.76,85.45,0.40,84.99,-12.04028,-77.04361,1002.76,21.92
180,10069,150122,PE,Subgerencia de Desarrollo Ambiental,3/27/21 11:00,3486.45,5.99,26.13,35.79,6.83,2.98,42.02,87.90,0.89,87.30,-12.04028,-77.04361,1002.63,21.63
181,10069,150122,PE,Subgerencia de Desarrollo Ambiental,3/27/21 12:00,3443.13,6.01,25.54,40.33,4.93,2.13,43.33,92.11,2.93,86.64,-12.04028,-77.04361,1002.00,21.81
182,10069,150122,PE,Subgerencia de Desarrollo Ambiental,3/27/21 13:00,3582.74,7.15,24.04,33.06,4.58,2.15,44.64,89.88,1.15,84.58,-12.04028,-77.04361,1001.29,22.11
183,10069,150122,PE,Subgerencia de Desarrollo Ambiental,3/27/21 14:00,3489.13,6.96,16.32,42.88,3.59,1.63,46.71,92.94,2.59,85.50,-12.04028,-77.04361,1000.33,21.75
184,10069,150122,PE,Subgerencia de Desarrollo Ambiental,3/27/21 15:00,3537.60,6.89,17.88,34.10,3.50,1.60,46.51,88.42,2.65,83.89,-12.04028,-77.04361,999.67,22.09
185,10069,150122,PE,Subgerencia de Desarrollo Ambiental,3/27/21 16:00,3577.14,6.85,16.82,33.66,3.15,1.49,46.69,87.08,1.43,81.08,-12.04028,-77.04361,998.82,22.60
186,10069,150122,PE,Subgerencia de Desarrollo Ambiental,3/27/21 17:00,3572.71,7.84,25.05,9.63,3.73,1.68,46.69,87.76,0.52,82.80,-12.04028,-77.04361,998.33,22.22
187,10069,150122,PE,Subgerencia de Desarrollo Ambiental,3/27/21 18:00,3438.96,7.76,39.37,15.87,5.65,2.31,42.65,85.13,0.18,86.14,-12.04028,-77.04361,998.81,21.18
188,10069,150122,PE,Subgerencia de Desarrollo Ambiental,3/27/21 19:00,3554.78,8.33,49.90,15.99,11.73,3.76,39.74,83.30,0.00,87.14,-12.04028,-77.04361,999.30,20.90
189,10069,150122,PE,Subgerencia de Desarrollo Ambiental,3/27/21 20:00,3777.02,8.22,46.04,17.15,8.39,2.88,40.02,82.41,0.00,83.03,-12.04028,-77.04361,1000.26,21.06
190,10069,150122,PE,Subgerencia de Desarrollo Ambiental,3/27/21 21:00,3691.07,7.61,44.81,21.28,8.64,3.09,39.72,80.88,0.00,85.17,-12.04028,-77.04361,1001.05,20.75
191,10069,150122,PE,Subgerencia de Desarrollo Ambiental,3/27/21 22:00,3230.21,5.62,45.09,28.23,12.07,3.91,38.07,72.78,0.00,90.11,-12.04028,-77.04361,1001.36,20.33
192,10069,150122,PE,Subgerencia de Desarrollo Ambiental,3/27/21 23:00,2732.85,5.12,39.41,28.78,10.59,3.61,37.24,64.75,0.00,93.44,-12.04028,-77.04361,1001.60,19.97
193,10069,150122,PE,Subgerencia de Desarrollo Ambiental,3/28/21 0:00,2465.59,20.33,35.37,36.40,9.58,3.26,36.15,61.58,0.00,96.08,-12.04028,-77.04361,1001.54,19.36
194,10069,150122,PE,Subgerencia de Desarrollo Ambiental,3/28/21 1:00,2425.06,22.83,33.08,30.13,10.96,3.60,36.35,54.86,0.00,96.10,-12.04028,-77.04361,1001.08,19.25
195,10069,150122,PE,Subgerencia de Desarrollo Ambiental,3/28/21 2:00,2518.55,17.26,32.21,16.10,19.23,5.41,36.27,53.11,0.00,96.10,-12.04028,-77.04361,1000.69,19.44
196,10069,150122,PE,Subgerencia de Desarrollo Ambiental,3/28/21 3:00,2359.02,23.81,32.08,22.33,19.77,5.63,35.41,53.00,0.00,96.10,-12.04028,-77.04361,1000.19,19.20
197,10069,150122,PE,Subgerencia de Desarrollo Ambiental,3/28/21 4:00,2403.83,32.63,30.93,10.78,9.82,3.28,35.20,52.43,0.00,96.10,-12.04028,-77.04361,1000.07,18.89
198,10069,150122,PE,Subgerencia de Desarrollo Ambiental,3/28/21 5:00,2427.93,32.37,30.59,3.26,9.35,3.61,35.23,50.79,0.00,96.10,-12.04028,-77.04361,1000.11,18.90
199,10069,150122,PE,Subgerencia de Desarrollo Ambiental,3/28/21 6:00,2456.65,36.90,30.56,11.68,9.72,3.27,35.46,58.15,0.00,96.10,-12.04028,-77.04361,1000.33,18.74
200,10069,150122,PE,Subgerencia de Desarrollo Ambiental,3/28/21 7:00,2598.78,38.89,32.51,20.64,10.15,3.53,36.33,66.98,0.04,96.10,-12.04028,-77.04361,1000.62,18.70
201,10069,150122,PE,Subgerencia de Desarrollo Ambiental,3/28/21 7:00,2598.78,38.89,32.51,20.64,10.15,3.53,36.33,66.98,0.04,96.10,-12.04028,-77.04361,1000.62,18.70
202,10069,150122,PE,Subgerencia de Desarrollo Ambiental,3/28/21 8:00,2585.37,6.25,27.88,18.80,11.58,4.00,36.17,68.85,0.18,95.64,-12.04028,-77.04361,1000.99,20.23
203,10069,150122,PE,Subgerencia de Desarrollo Ambiental,3/28/21 9:00,2623.75,0.97,22.66,8.54,7.58,2.89,36.92,72.94,0.30,89.40,-12.04028,-77.04361,1001.19,21.35
204,10069,150122,PE,Subgerencia de Desarrollo Ambiental,3/28/21 10:00,2717.22,1.22,21.52,21.02,5.07,2.25,37.89,77.61,0.41,89.71,-12.04028,-77.04361,1001.29,21.13
205,10069,150122,PE,Subgerencia de Desarrollo Ambiental,3/28/21 11:00,3030.98,2.81,19.73,25.38,6.69,2.70,40.14,79.37,0.96,86.51,-12.04028,-77.04361,1000.95,21.97
206,10069,150122,PE,Subgerencia de Desarrollo Ambiental,3/28/21 12:00,3068.95,3.43,19.45,13.29,3.66,1.75,42.07,87.07,2.41,85.25,-12.04028,-77.04361,1000.34,22.09
207,10069,150122,PE,Subgerencia de Desarrollo Ambiental,3/28/21 13:00,3294.89,4.79,20.14,16.65,3.49,1.82,44.23,89.78,1.37,86.04,-12.04028,-77.04361,999.73,22.05
208,10069,150122,PE,Subgerencia de Desarrollo Ambiental,3/28/21 14:00,3393.10,4.77,10.78,34.89,3.44,1.49,46.30,86.86,2.83,81.66,-12.04028,-77.04361,999.01,22.48
209,10069,150122,PE,Subgerencia de Desarrollo Ambiental,3/28/21 15:00,3412.98,5.21,10.36,26.26,3.28,1.51,47.10,83.74,2.60,81.36,-12.04028,-77.04361,998.32,22.79
210,10069,150122,PE,Subgerencia de Desarrollo Ambiental,3/28/21 16:00,3386.22,6.11,21.28,12.87,3.75,1.71,45.98,85.00,1.19,81.61,-12.04028,-77.04361,997.70,22.98
211,10069,150122,PE,Subgerencia de Desarrollo Ambiental,3/28/21 17:00,3339.81,5.25,21.25,5.19,5.97,1.92,43.89,84.20,0.45,74.15,-12.04028,-77.04361,997.49,23.94
212,10069,150122,PE,Subgerencia de Desarrollo Ambiental,3/28/21 18:00,2895.60,4.89,40.83,-7.47,5.45,2.15,40.17,85.56,0.14,81.89,-12.04028,-77.04361,998.00,21.69
213,10069,150122,PE,Subgerencia de Desarrollo Ambiental,3/28/21 19:00,2707.33,4.40,47.40,5.11,5.13,2.38,37.93,80.16,0.00,88.50,-12.04028,-77.04361,998.69,20.54
214,10069,150122,PE,Subgerencia de Desarrollo Ambiental,3/28/21 20:00,2792.99,4.16,45.29,28.90,5.37,2.33,37.09,75.91,0.00,91.68,-12.04028,-77.04361,999.18,20.27
215,10069,150122,PE,Subgerencia de Desarrollo Ambiental,3/28/21 21:00,2715.99,3.24,41.85,27.74,6.05,2.49,36.35,74.90,0.00,92.99,-12.04028,-77.04361,999.80,20.16
216,10069,150122,PE,Subgerencia de Desarrollo Ambiental,3/28/21 22:00,2624.27,2.78,36.99,14.69,4.97,2.22,36.30,68.48,0.00,93.47,-12.04028,-77.04361,1000.09,20.04
217,10069,150122,PE,Subgerencia de Desarrollo Ambiental,3/28/21 23:00,2452.69,5.61,35.35,15.64,5.91,2.54,35.96,62.53,0.00,95.02,-12.04028,-77.04361,1000.09,19.85
218,10069,150122,PE,Subgerencia de Desarrollo Ambiental,3/29/21 0:00,2335.64,3.49,31.60,11.91,5.50,2.38,35.46,55.22,0.00,95.65,-12.04028,-77.04361,1000.18,19.91
219,10069,150122,PE,Subgerencia de Desarrollo Ambiental,3/29/21 1:00,2359.52,1.99,30.73,10.89,7.64,2.92,36.45,52.09,0.00,95.62,-12.04028,-77.04361,1000.31,20.02
220,10069,150122,PE,Subgerencia de Desarrollo Ambiental,3/29/21 2:00,2289.80,12.49,30.89,12.81,11.21,3.80,35.20,55.67,0.00,96.03,-12.04028,-77.04361,1000.26,19.58
221,10069,150122,PE,Subgerencia de Desarrollo Ambiental,3/29/21 3:00,2323.38,19.97,29.92,10.03,8.75,3.15,35.12,49.93,0.00,96.10,-12.04028,-77.04361,1000.05,19.30
222,10069,150122,PE,Subgerencia de Desarrollo Ambiental,3/29/21 4:00,2337.46,27.93,30.54,12.67,8.63,3.25,34.95,53.13,0.00,96.10,-12.04028,-77.04361,999.96,19.03
223,10069,150122,PE,Subgerencia de Desarrollo Ambiental,3/29/21 5:00,2365.82,27.55,31.60,11.71,8.56,3.26,34.94,59.46,0.00,96.10,-12.04028,-77.04361,999.80,19.04
224,10069,150122,PE,Subgerencia de Desarrollo Ambiental,3/29/21 6:00,2453.53,32.87,32.70,13.75,7.53,3.11,35.38,67.46,0.00,96.10,-12.04028,-77.04361,1000.10,18.88
225,10069,150122,PE,Subgerencia de Desarrollo Ambiental,3/29/21 7:00,2775.83,31.30,34.74,29.87,8.77,3.44,36.05,78.04,0.04,96.10,-12.04028,-77.04361,1000.39,18.99
226,10069,150122,PE,Subgerencia de Desarrollo Ambiental,3/29/21 8:00,2862.16,9.46,30.54,37.23,6.86,3.04,36.81,81.99,0.20,96.02,-12.04028,-77.04361,1000.82,19.98
227,10069,150122,PE,Subgerencia de Desarrollo Ambiental,3/29/21 9:00,3284.45,3.84,24.50,23.53,6.39,2.82,38.72,82.81,0.34,90.44,-12.04028,-77.04361,1001.53,21.57
228,10069,150122,PE,Subgerencia de Desarrollo Ambiental,3/29/21 10:00,3327.96,3.80,21.37,11.34,5.31,2.33,40.14,86.02,0.45,87.19,-12.04028,-77.04361,1001.87,21.67
229,10069,150122,PE,Subgerencia de Desarrollo Ambiental,3/29/21 11:00,3293.26,3.83,19.55,9.37,4.84,1.96,42.10,87.41,1.01,84.13,-12.04028,-77.04361,1001.48,22.15
230,10069,150122,PE,Subgerencia de Desarrollo Ambiental,3/29/21 12:00,3543.57,5.06,19.12,10.79,5.72,2.27,44.53,88.62,2.52,82.23,-12.04028,-77.04361,1000.84,22.90
231,10069,150122,PE,Subgerencia de Desarrollo Ambiental,3/29/21 13:00,3516.21,5.86,22.22,7.94,3.56,1.68,46.24,90.01,1.20,83.49,-12.04028,-77.04361,1000.26,22.57
232,10069,150122,PE,Subgerencia de Desarrollo Ambiental,3/29/21 16:00,3250.96,8.09,25.99,8.06,4.40,2.00,47.91,91.61,0.72,82.71,-12.04028,-77.04361,998.11,22.60
233,10069,150122,PE,Subgerencia de Desarrollo Ambiental,3/29/21 17:00,2946.98,7.04,35.40,5.27,6.76,2.74,43.32,92.71,0.47,82.86,-12.04028,-77.04361,998.40,22.26
234,10069,150122,PE,Subgerencia de Desarrollo Ambiental,3/29/21 18:00,3101.43,7.15,37.86,5.44,7.49,2.74,42.01,89.81,0.21,79.31,-12.04028,-77.04361,998.77,22.41
235,10069,150122,PE,Subgerencia de Desarrollo Ambiental,3/29/21 19:00,3005.50,6.73,44.25,5.15,8.32,3.01,40.60,87.80,0.00,82.65,-12.04028,-77.04361,999.34,21.57
236,10069,150122,PE,Subgerencia de Desarrollo Ambiental,3/29/21 20:00,2939.09,6.35,43.81,6.64,7.23,2.98,39.96,85.99,0.00,85.74,-12.04028,-77.04361,1000.04,21.13
237,10069,150122,PE,Subgerencia de Desarrollo Ambiental,3/29/21 21:00,2338.48,3.40,41.49,13.64,5.00,2.45,37.27,87.12,0.00,90.32,-12.04028,-77.04361,1000.81,20.33
238,10069,150122,PE,Subgerencia de Desarrollo Ambiental,3/29/21 22:00,2189.75,2.90,38.52,17.60,6.33,2.77,36.54,80.74,0.00,92.85,-12.04028,-77.04361,1000.83,20.01
239,10069,150122,PE,Subgerencia de Desarrollo Ambiental,3/29/21 23:00,1976.13,0.52,33.50,12.60,6.96,2.86,35.32,76.75,0.00,90.37,-12.04028,-77.04361,1000.90,20.27
240,10069,150122,PE,Subgerencia de Desarrollo Ambiental,3/30/21 0:00,2141.15,0.65,32.48,2.87,15.40,4.80,35.84,66.74,0.00,86.34,-12.04028,-77.04361,1000.70,20.96
241,10069,150122,PE,Subgerencia de Desarrollo Ambiental,3/30/21 1:00,1854.34,4.96,34.15,20.79,14.37,5.19,35.21,70.27,0.00,94.01,-12.04028,-77.04361,1000.25,19.96
242,10069,150122,PE,Subgerencia de Desarrollo Ambiental,3/30/21 2:00,1896.04,16.01,33.69,20.39,10.82,4.15,34.96,57.95,0.00,96.10,-12.04028,-77.04361,999.81,19.45
243,10069,150122,PE,Subgerencia de Desarrollo Ambiental,3/30/21 3:00,1945.81,4.51,31.30,9.18,13.77,4.83,35.47,55.59,0.00,95.91,-12.04028,-77.04361,999.26,19.90
244,10069,150122,PE,Subgerencia de Desarrollo Ambiental,3/30/21 4:00,1899.36,19.86,32.50,15.37,19.48,6.39,34.87,69.61,0.00,96.10,-12.04028,-77.04361,999.19,19.32
245,10069,150122,PE,Subgerencia de Desarrollo Ambiental,3/30/21 5:00,1956.23,33.09,31.26,15.78,12.43,4.89,35.33,57.53,0.00,96.10,-12.04028,-77.04361,999.22,18.86
246,10069,150122,PE,Subgerencia de Desarrollo Ambiental,3/30/21 6:00,2128.54,23.72,32.40,13.74,18.60,6.12,35.96,79.71,0.00,96.10,-12.04028,-77.04361,999.51,19.21
247,10069,150122,PE,Subgerencia de Desarrollo Ambiental,3/30/21 7:00,2435.36,12.11,36.63,24.61,33.87,9.45,36.07,86.44,0.05,96.10,-12.04028,-77.04361,1000.02,19.72
248,10069,150122,PE,Subgerencia de Desarrollo Ambiental,3/30/21 8:00,3171.70,5.31,29.09,25.69,17.08,5.96,40.37,88.60,0.33,92.93,-12.04028,-77.04361,1000.43,21.10
249,10069,150122,PE,Subgerencia de Desarrollo Ambiental,3/30/21 9:00,2773.99,3.57,25.07,20.99,9.29,3.97,39.14,89.68,0.50,91.88,-12.04028,-77.04361,1000.92,21.05
250,10069,150122,PE,Subgerencia de Desarrollo Ambiental,3/30/21 10:00,2849.19,3.99,26.61,28.59,8.12,3.38,39.56,88.60,0.55,92.46,-12.04028,-77.04361,1001.35,20.99
251,10069,150122,PE,Subgerencia de Desarrollo Ambiental,3/30/21 11:00,2797.62,3.66,23.10,19.43,6.95,3.01,40.59,89.71,0.76,89.88,-12.04028,-77.04361,1001.25,21.31
252,10069,150122,PE,Subgerencia de Desarrollo Ambiental,3/30/21 12:00,2928.80,4.25,23.01,20.05,6.61,2.82,42.72,90.64,1.99,87.15,-12.04028,-77.04361,1001.01,21.90
253,10069,150122,PE,Subgerencia de Desarrollo Ambiental,3/30/21 13:00,3243.56,5.32,15.88,20.10,6.22,2.82,44.86,90.10,1.34,83.07,-12.04028,-77.04361,1000.19,22.55
254,10069,150122,PE,Subgerencia de Desarrollo Ambiental,3/30/21 14:00,3236.02,5.69,12.06,16.89,4.69,2.25,47.74,92.78,2.49,82.95,-12.04028,-77.04361,999.28,22.48
255,10069,150122,PE,Subgerencia de Desarrollo Ambiental,3/30/21 15:00,3206.12,5.78,13.62,21.31,4.44,2.13,48.62,92.23,2.36,80.98,-12.04028,-77.04361,998.73,22.75
256,10069,150122,PE,Subgerencia de Desarrollo Ambiental,3/30/21 16:00,3242.78,7.50,28.40,17.90,6.59,2.76,46.84,90.44,0.85,83.72,-12.04028,-77.04361,998.06,21.99
257,10069,150122,PE,Subgerencia de Desarrollo Ambiental,3/30/21 17:00,2789.39,5.67,42.30,9.73,8.22,3.23,40.35,91.44,0.28,86.54,-12.04028,-77.04361,998.23,21.12
258,10069,150122,PE,Subgerencia de Desarrollo Ambiental,3/30/21 18:00,2755.22,4.85,41.19,7.20,6.23,2.62,39.20,92.89,0.14,85.08,-12.04028,-77.04361,998.31,20.82
259,10069,150122,PE,Subgerencia de Desarrollo Ambiental,3/30/21 19:00,3089.79,6.15,44.63,12.75,7.91,3.06,39.71,89.38,0.00,88.26,-12.04028,-77.04361,998.69,20.37
260,10069,150122,PE,Subgerencia de Desarrollo Ambiental,3/30/21 20:00,2959.72,5.59,42.59,14.99,7.68,3.22,39.88,87.49,0.00,89.25,-12.04028,-77.04361,999.30,20.22
261,10069,150122,PE,Subgerencia de Desarrollo Ambiental,3/30/21 21:00,2480.26,5.84,38.62,17.62,5.28,2.55,37.79,88.96,0.00,92.14,-12.04028,-77.04361,999.86,19.90
262,10069,150122,PE,Subgerencia de Desarrollo Ambiental,3/30/21 22:00,2618.23,3.53,36.02,12.46,7.69,3.11,37.69,79.42,0.00,90.69,-12.04028,-77.04361,1000.11,20.14
263,10069,150122,PE,Subgerencia de Desarrollo Ambiental,3/30/21 23:00,2314.75,2.23,36.56,8.29,14.55,5.18,36.73,69.52,0.00,91.76,-12.04028,-77.04361,1000.37,20.07
264,10069,150122,PE,Subgerencia de Desarrollo Ambiental,3/31/21 0:00,2048.89,12.00,32.97,13.28,11.50,4.52,35.78,71.55,0.00,93.06,-12.04028,-77.04361,1000.50,19.68
265,10069,150122,PE,Subgerencia de Desarrollo Ambiental,3/31/21 1:00,1951.27,34.93,33.06,23.85,8.15,3.43,35.18,64.38,0.00,96.10,-12.04028,-77.04361,1000.40,18.80
266,10069,150122,PE,Subgerencia de Desarrollo Ambiental,3/31/21 2:00,1988.52,40.11,31.90,20.59,7.76,3.29,35.36,72.12,0.00,96.10,-12.04028,-77.04361,1000.08,18.62
267,10069,150122,PE,Subgerencia de Desarrollo Ambiental,3/31/21 3:00,1998.71,32.97,30.11,14.30,15.89,5.35,35.62,53.19,0.00,96.10,-12.04028,-77.04361,999.69,18.85
268,10069,150122,PE,Subgerencia de Desarrollo Ambiental,3/31/21 4:00,1980.03,33.40,28.99,12.09,17.96,5.90,35.28,57.86,0.00,96.10,-12.04028,-77.04361,999.35,18.83
269,10069,150122,PE,Subgerencia de Desarrollo Ambiental,3/31/21 5:00,2023.76,25.84,28.15,4.24,19.02,6.65,35.42,57.05,0.00,96.10,-12.04028,-77.04361,999.20,19.09
270,10069,150122,PE,Subgerencia de Desarrollo Ambiental,3/31/21 6:00,2129.35,34.20,32.26,9.31,18.89,6.42,35.37,78.85,0.00,96.10,-12.04028,-77.04361,999.46,18.83
271,10069,150122,PE,Subgerencia de Desarrollo Ambiental,3/31/21 7:00,2344.56,39.54,34.27,21.87,7.89,3.45,35.71,86.35,0.05,96.10,-12.04028,-77.04361,999.83,18.69
272,10069,150122,PE,Subgerencia de Desarrollo Ambiental,3/31/21 8:00,2538.16,19.14,29.49,30.12,5.03,2.68,37.55,88.42,0.24,95.58,-12.04028,-77.04361,1000.45,19.44
273,10069,150122,PE,Subgerencia de Desarrollo Ambiental,3/31/21 9:00,2552.48,1.74,24.85,25.39,6.16,2.81,37.93,88.99,0.35,89.89,-12.04028,-77.04361,1000.73,20.55
274,10069,150122,PE,Subgerencia de Desarrollo Ambiental,3/31/21 10:00,2882.28,3.19,22.99,22.91,5.83,2.41,39.80,90.44,0.49,87.12,-12.04028,-77.04361,1000.84,21.01
275,10069,150122,PE,Subgerencia de Desarrollo Ambiental,3/31/21 11:00,3054.72,4.54,22.27,20.31,5.48,2.43,43.14,92.23,0.87,87.81,-12.04028,-77.04361,1000.67,21.16
276,10069,150122,PE,Subgerencia de Desarrollo Ambiental,3/31/21 12:00,3001.44,4.24,22.45,18.28,4.76,2.20,44.53,92.09,2.51,87.63,-12.04028,-77.04361,1000.33,21.31
277,10069,150122,PE,Subgerencia de Desarrollo Ambiental,3/31/21 13:00,2926.02,4.03,22.26,19.60,4.83,2.28,45.08,92.53,1.15,87.15,-12.04028,-77.04361,999.67,21.14
278,10069,150122,PE,Subgerencia de Desarrollo Ambiental,3/31/21 14:00,3173.15,4.95,10.29,28.49,4.00,1.96,48.03,92.89,3.11,84.19,-12.04028,-77.04361,998.79,21.71
279,10069,150122,PE,Subgerencia de Desarrollo Ambiental,3/31/21 15:00,3134.65,5.14,12.61,17.08,3.94,1.93,48.39,93.94,2.68,83.12,-12.04028,-77.04361,997.87,21.93
280,10069,150122,PE,Subgerencia de Desarrollo Ambiental,3/31/21 16:00,3407.87,7.08,20.17,24.11,4.13,1.91,47.99,93.75,1.32,84.85,-12.04028,-77.04361,997.60,21.83
281,10069,150122,PE,Subgerencia de Desarrollo Ambiental,3/31/21 17:00,3138.08,6.32,31.41,16.31,4.83,2.25,44.56,94.78,0.48,86.86,-12.04028,-77.04361,997.87,21.42
282,10069,150122,PE,Subgerencia de Desarrollo Ambiental,3/31/21 18:00,2926.05,5.31,37.50,7.46,5.46,2.40,42.47,93.82,0.17,85.83,-12.04028,-77.04361,998.24,21.23
283,10069,150122,PE,Subgerencia de Desarrollo Ambiental,3/31/21 19:00,2805.98,5.88,47.90,12.96,5.50,2.39,39.63,96.17,0.00,91.24,-12.04028,-77.04361,999.08,20.07
284,10069,150122,PE,Subgerencia de Desarrollo Ambiental,3/31/21 20:00,2802.26,6.72,44.15,18.13,5.65,2.65,38.98,89.35,0.00,92.49,-12.04028,-77.04361,1000.06,19.96
285,10069,150122,PE,Subgerencia de Desarrollo Ambiental,3/31/21 21:00,2880.54,6.20,43.15,16.28,7.28,2.98,38.44,85.91,0.00,93.26,-12.04028,-77.04361,1000.68,19.94
286,10069,150122,PE,Subgerencia de Desarrollo Ambiental,3/31/21 22:00,2602.79,5.63,38.64,15.06,5.85,2.63,37.42,83.68,0.00,93.30,-12.04028,-77.04361,1000.94,19.91
287,10069,150122,PE,Subgerencia de Desarrollo Ambiental,3/31/21 23:00,2188.75,6.68,34.65,12.53,6.49,2.76,35.85,78.58,0.00,93.25,-12.04028,-77.04361,1000.90,19.80
